{
    "Liverpool": {
        "name": "Liverpool",
        "games_played": 21,
        "goals_scored": 47,
        "goals_conceded": 18,
        "defence": 0.007742063492063491,
        "attack": 0.02486772486772487
    },
    "Man City": {
        "name": "Man City",
        "games_played": 20,
        "goals_scored": 48,
        "goals_conceded": 23,
        "defence": 0.004488095238095238,
        "attack": 0.026666666666666665
    },
    "Arsenal": {
        "name": "Arsenal",
        "games_played": 21,
        "goals_scored": 42,
        "goals_conceded": 20,
        "defence": 0.0066838624338624334,
        "attack": 0.022222222222222223
    },
    "Aston Villa": {
        "name": "Aston Villa",
        "games_played": 21,
        "goals_scored": 43,
        "goals_conceded": 27,
        "defence": 0.002980158730158728,
        "attack": 0.022751322751322748
    },
    "Tottenham": {
        "name": "Tottenham",
        "games_played": 21,
        "goals_scored": 44,
        "goals_conceded": 31,
        "defence": 0.0008637566137566116,
        "attack": 0.023280423280423283
    },
    "West Ham": {
        "name": "West Ham",
        "games_played": 21,
        "goals_scored": 35,
        "goals_conceded": 32,
        "defence": 0.00033465608465608446,
        "attack": 0.01851851851851852
    },
    "Brighton": {
        "name": "Brighton",
        "games_played": 21,
        "goals_scored": 38,
        "goals_conceded": 33,
        "defence": -0.00019444444444444525,
        "attack": 0.020105820105820106
    },
    "ManUnited": {
        "name": "ManUnited",
        "games_played": 21,
        "goals_scored": 24,
        "goals_conceded": 29,
        "defence": 0.0019219576719576711,
        "attack": 0.012698412698412698
    },
    "Chelsea": {
        "name": "Chelsea",
        "games_played": 21,
        "goals_scored": 35,
        "goals_conceded": 31,
        "defence": 0.0008637566137566116,
        "attack": 0.01851851851851852
    },
    "Newcastle": {
        "name": "Newcastle",
        "games_played": 21,
        "goals_scored": 41,
        "goals_conceded": 32,
        "defence": 0.00033465608465608446,
        "attack": 0.02169312169312169
    },
    "Wolverhamton": {
        "name": "Wolverhamton",
        "games_played": 21,
        "goals_scored": 30,
        "goals_conceded": 31,
        "defence": 0.0008637566137566116,
        "attack": 0.015873015873015872
    },
    "Bournemouth": {
        "name": "Bournemouth",
        "games_played": 20,
        "goals_scored": 28,
        "goals_conceded": 39,
        "defence": -0.004400793650793652,
        "attack": 0.015555555555555555
    },
    "FC Fulham": {
        "name": "FC Fulham",
        "games_played": 21,
        "goals_scored": 28,
        "goals_conceded": 36,
        "defence": -0.0017817460317460319,
        "attack": 0.014814814814814814
    },
    "Brentford": {
        "name": "Brentford",
        "games_played": 20,
        "goals_scored": 29,
        "goals_conceded": 33,
        "defence": -0.0010674603174603177,
        "attack": 0.01611111111111111
    },
    "Crystal Palace": {
        "name": "Crystal Palace",
        "games_played": 21,
        "goals_scored": 22,
        "goals_conceded": 34,
        "defence": -0.0007235449735449749,
        "attack": 0.011640211640211642
    },
    "Nottingham": {
        "name": "Nottingham",
        "games_played": 21,
        "goals_scored": 26,
        "goals_conceded": 38,
        "defence": -0.0028399470899470912,
        "attack": 0.013756613756613757
    },
    "Everton": {
        "name": "Everton",
        "games_played": 21,
        "goals_scored": 24,
        "goals_conceded": 28,
        "defence": 0.002451058201058201,
        "attack": 0.012698412698412698
    },
    "Luton Town": {
        "name": "Luton Town",
        "games_played": 20,
        "goals_scored": 24,
        "goals_conceded": 38,
        "defence": -0.0038452380952380956,
        "attack": 0.013333333333333332
    },
    "Burnley": {
        "name": "Burnley",
        "games_played": 21,
        "goals_scored": 21,
        "goals_conceded": 42,
        "defence": -0.004956349206349207,
        "attack": 0.011111111111111112
    },
    "Sheff Utd": {
        "name": "Sheff Utd",
        "games_played": 21,
        "goals_scored": 17,
        "goals_conceded": 51,
        "defence": -0.009718253968253968,
        "attack": 0.008994708994708995
    }
}